sim_cycles,mixed_or_same,mem_or_coh,config,alg,inj_rate,average_packet_latency,packets_received::total,packets_injected::total
2b,mixed,mem,ns_m_latop,naive_hops_4_6,0_01,8750.772905,772022.0,772027.0
2b,mixed,mem,ns_m_latop,naive_hops_4_6,0_02,8883.897596,1543765.0,1543771.0
2b,mixed,mem,ns_m_latop,naive_hops_4_6,0_03,9024.301463,2313731.0,2313739.0
2b,mixed,mem,ns_m_latop,naive_hops_4_6,0_04,9171.409535,3084173.0,3084184.0
2b,mixed,mem,ns_m_latop,naive_hops_4_6,0_05,9329.431895,3854314.0,3854327.0
2b,mixed,mem,ns_m_latop,naive_hops_4_6,0_06,9496.283716,4625449.0,4625470.0
2b,mixed,mem,ns_m_latop,naive_hops_4_6,0_07,9677.225127,5397306.0,5397324.0
2b,mixed,mem,ns_m_latop,naive_hops_4_6,0_08,9869.550084,6170150.0,6170176.0
2b,mixed,mem,ns_m_latop,naive_hops_4_6,0_09,10081.30731,6942443.0,6942468.0
2b,mixed,mem,ns_m_latop,naive_hops_4_6,0_1,10316.285172,7712843.0,7712878.0
2b,mixed,mem,ns_m_latop,naive_hops_4_6,0_11,10577.863186,8483348.0,8483384.0
2b,mixed,mem,ns_m_latop,naive_hops_4_6,0_12,10872.337599,9256190.0,9256228.0
2b,mixed,mem,ns_m_latop,naive_hops_4_6,0_13,11212.868692,10028281.0,10028309.0
2b,mixed,mem,ns_m_latop,naive_hops_4_6,0_14,11613.663021,10800480.0,10800537.0
2b,mixed,mem,ns_m_latop,naive_hops_4_6,0_15,12089.242149,11573188.0,11573261.0
2b,mixed,mem,ns_m_latop,naive_hops_4_6,0_16,12674.240414,12344848.0,12344908.0
2b,mixed,mem,ns_m_latop,naive_hops_4_6,0_17,13425.854118,13118019.0,13118103.0
2b,mixed,mem,ns_m_latop,naive_hops_4_6,0_18,14459.553745,13888325.0,13888426.0
2b,mixed,mem,ns_m_latop,naive_hops_4_6,0_19,16268.508975,14660871.0,14660958.0
2b,mixed,mem,ns_m_latop,naive_hops_4_6,0_2,110457.773502,15431492.0,15431600.0
2b,mixed,mem,ns_m_latop,naive_hops_4_6,0_21,3621755.372786,16139592.0,16139740.0
2b,mixed,mem,ns_m_latop,naive_hops_4_6,0_22,7651000.417035,16818506.0,16818680.0
2b,mixed,mem,ns_m_latop,naive_hops_4_6,0_23,14224557.562801,17441033.0,17441237.0
2b,mixed,mem,ns_m_latop,naive_hops_4_6,0_24,23126823.13989,17987941.0,17988154.0
2b,mixed,mem,ns_m_latop,naive_hops_4_6,0_25,35795110.302278,18428715.0,18428909.0
2b,mixed,mem,ns_m_latop,naive_hops_4_6,0_26,49723859.010045,18826222.0,18826489.0
2b,mixed,mem,ns_m_latop,naive_hops_4_6,0_27,63125925.363134,19199220.0,19199456.0
2b,mixed,mem,ns_m_latop,naive_hops_4_6,0_28,27196642.348757,7002385.0,7002667.0
2b,mixed,mem,ns_m_bwop,naive_hops_4_6,0_01,8780.090987,772022.0,772027.0
2b,mixed,mem,ns_m_bwop,naive_hops_4_6,0_02,8912.430079,1543764.0,1543771.0
2b,mixed,mem,ns_m_bwop,naive_hops_4_6,0_03,9052.807105,2313731.0,2313739.0
2b,mixed,mem,ns_m_bwop,naive_hops_4_6,0_04,9200.509022,3084173.0,3084184.0
2b,mixed,mem,ns_m_bwop,naive_hops_4_6,0_05,9359.377715,3854314.0,3854327.0
2b,mixed,mem,ns_m_bwop,naive_hops_4_6,0_06,9527.142403,4625448.0,4625470.0
2b,mixed,mem,ns_m_bwop,naive_hops_4_6,0_07,9711.125559,5397307.0,5397324.0
2b,mixed,mem,ns_m_bwop,naive_hops_4_6,0_08,9906.450269,6170149.0,6170176.0
2b,mixed,mem,ns_m_bwop,naive_hops_4_6,0_09,10119.819842,6942442.0,6942470.0
2b,mixed,mem,ns_m_bwop,naive_hops_4_6,0_1,10359.39828,7712840.0,7712878.0
2b,mixed,mem,ns_m_bwop,naive_hops_4_6,0_11,10626.65078,8483345.0,8483384.0
2b,mixed,mem,ns_m_bwop,naive_hops_4_6,0_12,10930.126093,9256189.0,9256228.0
2b,mixed,mem,ns_m_bwop,naive_hops_4_6,0_13,11285.149684,10028283.0,10028309.0
2b,mixed,mem,ns_m_bwop,naive_hops_4_6,0_14,11694.235164,10800481.0,10800537.0
2b,mixed,mem,ns_m_bwop,naive_hops_4_6,0_15,12187.85597,11573178.0,11573261.0
2b,mixed,mem,ns_m_bwop,naive_hops_4_6,0_16,12792.090579,12344850.0,12344908.0
2b,mixed,mem,ns_m_bwop,naive_hops_4_6,0_17,13583.520961,13118012.0,13118103.0
2b,mixed,mem,ns_m_bwop,naive_hops_4_6,0_18,14671.353219,13888329.0,13888426.0
2b,mixed,mem,ns_m_bwop,naive_hops_4_6,0_19,16725.554366,14660870.0,14660958.0
2b,mixed,mem,ns_m_bwop,naive_hops_4_6,0_2,28150.029715,15432303.0,15432424.0
2b,mixed,mem,ns_m_bwop,naive_hops_4_6,0_21,7879521.349773,16072799.0,16072947.0
2b,mixed,mem,ns_m_bwop,naive_hops_4_6,0_22,22802353.64891,16532217.0,16532422.0
2b,mixed,mem,ns_m_bwop,naive_hops_4_6,0_23,34839246.740398,16987890.0,16988097.0
2b,mixed,mem,ns_m_bwop,naive_hops_4_6,0_24,47424132.032082,17393603.0,17393819.0
2b,mixed,mem,ns_m_bwop,naive_hops_4_6,0_25,60933074.164974,17756499.0,17756736.0
2b,mixed,mem,ns_m_bwop,naive_hops_4_6,0_26,73371945.551633,18120383.0,18120648.0
2b,mixed,mem,ns_m_bwop,naive_hops_4_6,0_27,59075340.844066,12602587.0,12602831.0
2b,mixed,mem,lpbt_m_latop,naive_hops_4_6,0_01,9283.180308,772022.0,772027.0
2b,mixed,mem,lpbt_m_latop,naive_hops_4_6,0_02,9431.722719,1543765.0,1543771.0
2b,mixed,mem,lpbt_m_latop,naive_hops_4_6,0_03,9592.008559,2313728.0,2313739.0
2b,mixed,mem,lpbt_m_latop,naive_hops_4_6,0_04,9761.803986,3084172.0,3084184.0
2b,mixed,mem,lpbt_m_latop,naive_hops_4_6,0_05,9948.480518,3854313.0,3854327.0
2b,mixed,mem,lpbt_m_latop,naive_hops_4_6,0_06,10145.663475,4625447.0,4625470.0
2b,mixed,mem,lpbt_m_latop,naive_hops_4_6,0_07,10368.319287,5397306.0,5397324.0
2b,mixed,mem,lpbt_m_latop,naive_hops_4_6,0_08,10612.115112,6170147.0,6170176.0
2b,mixed,mem,lpbt_m_latop,naive_hops_4_6,0_09,10890.237945,6942441.0,6942469.0
2b,mixed,mem,lpbt_m_latop,naive_hops_4_6,0_1,11210.569638,7712838.0,7712878.0
2b,mixed,mem,lpbt_m_latop,naive_hops_4_6,0_11,11583.435216,8483343.0,8483383.0
2b,mixed,mem,lpbt_m_latop,naive_hops_4_6,0_12,12040.690749,9256188.0,9256228.0
2b,mixed,mem,lpbt_m_latop,naive_hops_4_6,0_13,12630.219596,10028279.0,10028309.0
2b,mixed,mem,lpbt_m_latop,naive_hops_4_6,0_14,13426.611938,10800469.0,10800537.0
2b,mixed,mem,lpbt_m_latop,naive_hops_4_6,0_15,14633.104443,11573184.0,11573261.0
2b,mixed,mem,lpbt_m_latop,naive_hops_4_6,0_16,18252.72085,12344769.0,12344864.0
2b,mixed,mem,lpbt_m_latop,naive_hops_4_6,0_17,4458733.061123,13053633.0,13053762.0
2b,mixed,mem,lpbt_m_latop,naive_hops_4_6,0_18,13417839.61111,13648188.0,13648344.0
2b,mixed,mem,lpbt_m_latop,naive_hops_4_6,0_19,21527189.295718,14226745.0,14226908.0
2b,mixed,mem,lpbt_m_latop,naive_hops_4_6,0_2,35820962.392747,14682578.0,14682781.0
2b,mixed,mem,lpbt_m_latop,naive_hops_4_6,0_21,50094350.076545,15074507.0,15074738.0
2b,mixed,mem,lpbt_m_latop,naive_hops_4_6,0_22,65403843.773475,15473335.0,15473592.0
2b,mixed,mem,lpbt_m_latop,naive_hops_4_6,0_23,83896731.114485,15757273.0,15757535.0
2b,mixed,mem,lpbt_m_latop,naive_hops_4_6,0_24,102713270.731559,15999219.0,15999526.0
2b,mixed,mem,lpbt_m_latop,naive_hops_4_6,0_25,123442825.162559,16201889.0,16202176.0
2b,mixed,mem,lpbt_m_latop,naive_hops_4_6,0_26,142704735.986957,16392870.0,16393175.0
2b,mixed,mem,lpbt_m_latop,naive_hops_4_6,0_27,115675075.247977,11828820.0,11829121.0
2b,mixed,mem,lpbt_m_latop,naive_hops_4_6,0_28,9822822.051659,877489.0,877790.0
2b,mixed,mem,dbl_bfly_x,naive_hops_4_6,0_01,9257.907984,772021.0,772027.0
2b,mixed,mem,dbl_bfly_x,naive_hops_4_6,0_02,9393.244036,1543763.0,1543771.0
2b,mixed,mem,dbl_bfly_x,naive_hops_4_6,0_03,9546.287361,2313730.0,2313739.0
2b,mixed,mem,dbl_bfly_x,naive_hops_4_6,0_04,9713.667875,3084173.0,3084184.0
2b,mixed,mem,dbl_bfly_x,naive_hops_4_6,0_05,9897.179648,3854314.0,3854327.0
2b,mixed,mem,dbl_bfly_x,naive_hops_4_6,0_06,10094.828368,4625446.0,4625470.0
2b,mixed,mem,dbl_bfly_x,naive_hops_4_6,0_07,10312.981005,5397306.0,5397324.0
2b,mixed,mem,dbl_bfly_x,naive_hops_4_6,0_08,10550.315244,6170146.0,6170176.0
2b,mixed,mem,dbl_bfly_x,naive_hops_4_6,0_09,10815.043798,6942440.0,6942470.0
2b,mixed,mem,dbl_bfly_x,naive_hops_4_6,0_1,11110.707694,7712840.0,7712878.0
2b,mixed,mem,dbl_bfly_x,naive_hops_4_6,0_11,11443.95965,8483341.0,8483383.0
2b,mixed,mem,dbl_bfly_x,naive_hops_4_6,0_12,11828.560061,9256190.0,9256228.0
2b,mixed,mem,dbl_bfly_x,naive_hops_4_6,0_13,12272.624069,10028280.0,10028309.0
2b,mixed,mem,dbl_bfly_x,naive_hops_4_6,0_14,12796.363623,10800475.0,10800537.0
2b,mixed,mem,dbl_bfly_x,naive_hops_4_6,0_15,13428.184225,11573182.0,11573261.0
2b,mixed,mem,dbl_bfly_x,naive_hops_4_6,0_16,14209.806565,12344839.0,12344909.0
2b,mixed,mem,dbl_bfly_x,naive_hops_4_6,0_17,15223.55691,13118015.0,13118101.0
2b,mixed,mem,dbl_bfly_x,naive_hops_4_6,0_18,16585.39232,13888305.0,13888426.0
2b,mixed,mem,dbl_bfly_x,naive_hops_4_6,0_19,18577.04545,14660857.0,14660958.0
2b,mixed,mem,dbl_bfly_x,naive_hops_4_6,0_2,22090.720456,15432321.0,15432468.0
2b,mixed,mem,dbl_bfly_x,naive_hops_4_6,0_21,212764.579552,16201219.0,16201419.0
2b,mixed,mem,dbl_bfly_x,naive_hops_4_6,0_22,10699206.118723,16778510.0,16778766.0
2b,mixed,mem,dbl_bfly_x,naive_hops_4_6,0_23,26799894.925649,17221864.0,17222120.0
2b,mixed,mem,dbl_bfly_x,naive_hops_4_6,0_24,45873188.313286,17572566.0,17572840.0
2b,mixed,mem,dbl_bfly_x,naive_hops_4_6,0_25,64577759.568811,17883038.0,17883284.0
2b,mixed,mem,dbl_bfly_x,naive_hops_4_6,0_26,81097268.930926,18211054.0,18211297.0
2b,mixed,mem,dbl_bfly_x,naive_hops_4_6,0_27,74514119.085327,14504983.0,14505289.0
2b,mixed,mem,dbl_bfly_x,naive_hops_4_6,0_28,17726056.148428,3060507.0,3060839.0
2b,mixed,mem,lpbt_s_latop,naive_hops_4_6,0_01,8530.847323,772022.0,772027.0
2b,mixed,mem,lpbt_s_latop,naive_hops_4_6,0_02,8720.905391,1543762.0,1543771.0
2b,mixed,mem,lpbt_s_latop,naive_hops_4_6,0_03,8928.211859,2313731.0,2313739.0
2b,mixed,mem,lpbt_s_latop,naive_hops_4_6,0_04,9153.45268,3084173.0,3084184.0
2b,mixed,mem,lpbt_s_latop,naive_hops_4_6,0_05,9406.781402,3854311.0,3854327.0
2b,mixed,mem,lpbt_s_latop,naive_hops_4_6,0_06,9688.368658,4625449.0,4625470.0
2b,mixed,mem,lpbt_s_latop,naive_hops_4_6,0_07,10021.033175,5397304.0,5397324.0
2b,mixed,mem,lpbt_s_latop,naive_hops_4_6,0_08,10414.483832,6170148.0,6170176.0
2b,mixed,mem,lpbt_s_latop,naive_hops_4_6,0_09,10916.039535,6942444.0,6942467.0
2b,mixed,mem,lpbt_s_latop,naive_hops_4_6,0_1,11589.943539,7712837.0,7712878.0
2b,mixed,mem,lpbt_s_latop,naive_hops_4_6,0_11,12690.819721,8483341.0,8483383.0
2b,mixed,mem,lpbt_s_latop,naive_hops_4_6,0_12,15398.216756,9256185.0,9256228.0
2b,mixed,mem,lpbt_s_latop,naive_hops_4_6,0_13,4396069.095774,9977711.0,9977801.0
2b,mixed,mem,lpbt_s_latop,naive_hops_4_6,0_14,16252470.058193,10555451.0,10555582.0
2b,mixed,mem,lpbt_s_latop,naive_hops_4_6,0_15,32468339.620174,11050806.0,11051021.0
2b,mixed,mem,lpbt_s_latop,naive_hops_4_6,0_16,62794077.796935,11282927.0,11283125.0
2b,mixed,mem,lpbt_s_latop,naive_hops_4_6,0_17,84826563.254464,11525855.0,11526104.0
2b,mixed,mem,lpbt_s_latop,naive_hops_4_6,0_18,99980155.853773,11738567.0,11738808.0
2b,mixed,mem,lpbt_s_latop,naive_hops_4_6,0_19,119375511.696214,11808536.0,11808784.0
2b,mixed,mem,lpbt_s_latop,naive_hops_4_6,0_2,146824539.072918,11687526.0,11687799.0
2b,mixed,mem,lpbt_s_latop,naive_hops_4_6,0_21,171350274.433028,11557466.0,11557768.0
2b,mixed,mem,lpbt_s_latop,naive_hops_4_6,0_22,195193523.922937,11481276.0,11481579.0
2b,mixed,mem,lpbt_s_latop,naive_hops_4_6,0_23,211576523.083129,11460912.0,11461216.0
2b,mixed,mem,lpbt_s_latop,naive_hops_4_6,0_24,229358415.77335,11457731.0,11458026.0
2b,mixed,mem,lpbt_s_latop,naive_hops_4_6,0_25,251195706.965084,11492578.0,11492912.0
2b,mixed,mem,lpbt_s_latop,naive_hops_4_6,0_26,275544600.530295,11508099.0,11508401.0
2b,mixed,mem,lpbt_s_latop,naive_hops_4_6,0_27,236769542.493159,9253906.0,9254207.0
2b,mixed,mem,lpbt_s_latop,naive_hops_4_6,0_28,35671104.040865,1294608.0,1294921.0
2b,mixed,mem,kite_large,naive_hops_4_6,0_01,8373.447632,772022.0,772027.0
2b,mixed,mem,kite_large,naive_hops_4_6,0_02,8482.966963,1543766.0,1543771.0
2b,mixed,mem,kite_large,naive_hops_4_6,0_03,8606.710729,2313730.0,2313739.0
2b,mixed,mem,kite_large,naive_hops_4_6,0_04,8741.138349,3084173.0,3084184.0
2b,mixed,mem,kite_large,naive_hops_4_6,0_05,8883.77996,3854314.0,3854327.0
2b,mixed,mem,kite_large,naive_hops_4_6,0_06,9035.844287,4625449.0,4625470.0
2b,mixed,mem,kite_large,naive_hops_4_6,0_07,9206.994456,5397308.0,5397324.0
2b,mixed,mem,kite_large,naive_hops_4_6,0_08,9388.598218,6170155.0,6170176.0
2b,mixed,mem,kite_large,naive_hops_4_6,0_09,9585.326472,6942444.0,6942468.0
2b,mixed,mem,kite_large,naive_hops_4_6,0_1,9804.160477,7712846.0,7712878.0
2b,mixed,mem,kite_large,naive_hops_4_6,0_11,10043.947144,8483347.0,8483383.0
2b,mixed,mem,kite_large,naive_hops_4_6,0_12,10317.033532,9256194.0,9256228.0
2b,mixed,mem,kite_large,naive_hops_4_6,0_13,10619.60295,10028288.0,10028309.0
2b,mixed,mem,kite_large,naive_hops_4_6,0_14,10966.485181,10800487.0,10800537.0
2b,mixed,mem,kite_large,naive_hops_4_6,0_15,11360.704996,11573192.0,11573261.0
2b,mixed,mem,kite_large,naive_hops_4_6,0_16,11822.036861,12344855.0,12344908.0
2b,mixed,mem,kite_large,naive_hops_4_6,0_17,12373.022278,13118025.0,13118102.0
2b,mixed,mem,kite_large,naive_hops_4_6,0_18,13031.164075,13888339.0,13888424.0
2b,mixed,mem,kite_large,naive_hops_4_6,0_19,13863.080302,14660870.0,14660958.0
2b,mixed,mem,kite_large,naive_hops_4_6,0_2,14944.36229,15432457.0,15432552.0
2b,mixed,mem,kite_large,naive_hops_4_6,0_21,16463.536767,16204050.0,16204175.0
2b,mixed,mem,kite_large,naive_hops_4_6,0_22,18837.158959,16976477.0,16976633.0
2b,mixed,mem,kite_large,naive_hops_4_6,0_23,24171.758318,17746661.0,17746831.0
2b,mixed,mem,kite_large,naive_hops_4_6,0_24,2328865.010569,18476302.0,18476519.0
2b,mixed,mem,kite_large,naive_hops_4_6,0_25,19196898.360771,18908150.0,18908380.0
2b,mixed,mem,kite_large,naive_hops_4_6,0_26,37670307.008895,19272034.0,19272273.0
2b,mixed,mem,kite_large,naive_hops_4_6,0_27,49495924.43631,17518857.0,17519138.0
2b,mixed,mem,kite_large,naive_hops_4_6,0_28,17412043.243195,4795632.0,4795917.0
2b,mixed,mem,20r_4p_15ll_runsol_scbw,naive_hops_4_6,0_02
2b,mixed,mem,20r_4p_15ll_runsol_scbw,naive_hops_4_6,0_01
2b,mixed,mem,20r_4p_15ll_runsol_scbw,naive_hops_4_6,0_03
2b,mixed,mem,20r_4p_15ll_runsol_scbw,naive_hops_4_6,0_04
2b,mixed,mem,20r_4p_15ll_runsol_scbw,naive_hops_4_6,0_05
2b,mixed,mem,20r_4p_15ll_runsol_scbw,naive_hops_4_6,0_06
2b,mixed,mem,20r_4p_15ll_runsol_scbw,naive_hops_4_6,0_07
2b,mixed,mem,20r_4p_15ll_runsol_scbw,naive_hops_4_6,0_08
2b,mixed,mem,20r_4p_15ll_runsol_scbw,naive_hops_4_6,0_09
2b,mixed,mem,20r_4p_15ll_runsol_scbw,naive_hops_4_6,0_1
2b,mixed,mem,20r_4p_15ll_runsol_scbw,naive_hops_4_6,0_11
2b,mixed,mem,20r_4p_15ll_runsol_scbw,naive_hops_4_6,0_12
2b,mixed,mem,20r_4p_15ll_runsol_scbw,naive_hops_4_6,0_13
2b,mixed,mem,20r_4p_15ll_runsol_scbw,naive_hops_4_6,0_14
2b,mixed,mem,20r_4p_15ll_runsol_scbw,naive_hops_4_6,0_15
2b,mixed,mem,ns_l_bwop,naive_hops_4_6,0_01,8191.340495,772022.0,772027.0
2b,mixed,mem,ns_l_bwop,naive_hops_4_6,0_02,8298.685478,1543764.0,1543771.0
2b,mixed,mem,ns_l_bwop,naive_hops_4_6,0_03,8420.42992,2313731.0,2313739.0
2b,mixed,mem,ns_l_bwop,naive_hops_4_6,0_04,8548.866883,3084173.0,3084184.0
2b,mixed,mem,ns_l_bwop,naive_hops_4_6,0_05,8686.905349,3854314.0,3854327.0
2b,mixed,mem,ns_l_bwop,naive_hops_4_6,0_06,8836.841453,4625449.0,4625470.0
2b,mixed,mem,ns_l_bwop,naive_hops_4_6,0_07,9000.823764,5397308.0,5397324.0
2b,mixed,mem,ns_l_bwop,naive_hops_4_6,0_08,9175.261737,6170154.0,6170176.0
2b,mixed,mem,ns_l_bwop,naive_hops_4_6,0_09,9368.34576,6942443.0,6942468.0
2b,mixed,mem,ns_l_bwop,naive_hops_4_6,0_1,9578.728327,7712848.0,7712878.0
2b,mixed,mem,ns_l_bwop,naive_hops_4_6,0_11,9810.311411,8483351.0,8483383.0
2b,mixed,mem,ns_l_bwop,naive_hops_4_6,0_12,10074.423361,9256195.0,9256228.0
2b,mixed,mem,ns_l_bwop,naive_hops_4_6,0_13,10368.441817,10028285.0,10028309.0
2b,mixed,mem,ns_l_bwop,naive_hops_4_6,0_14,10705.658371,10800485.0,10800537.0
2b,mixed,mem,ns_l_bwop,naive_hops_4_6,0_15,11088.799185,11573194.0,11573261.0
2b,mixed,mem,ns_l_bwop,naive_hops_4_6,0_16,11534.593678,12344854.0,12344909.0
2b,mixed,mem,ns_l_bwop,naive_hops_4_6,0_17,12064.218834,13118016.0,13118102.0
2b,mixed,mem,ns_l_bwop,naive_hops_4_6,0_18,12702.10346,13888339.0,13888425.0
2b,mixed,mem,ns_l_bwop,naive_hops_4_6,0_19,13510.227767,14660873.0,14660957.0
2b,mixed,mem,ns_l_bwop,naive_hops_4_6,0_2,14553.317117,15432468.0,15432553.0
2b,mixed,mem,ns_l_bwop,naive_hops_4_6,0_21,15988.557988,16204064.0,16204180.0
2b,mixed,mem,ns_l_bwop,naive_hops_4_6,0_22,18255.952724,16976466.0,16976627.0
2b,mixed,mem,ns_l_bwop,naive_hops_4_6,0_23,23757.16933,17746628.0,17746803.0
2b,mixed,mem,ns_l_bwop,naive_hops_4_6,0_24,2692038.498008,18467478.0,18467681.0
2b,mixed,mem,ns_l_bwop,naive_hops_4_6,0_25,15402479.427865,18974563.0,18974783.0
2b,mixed,mem,ns_l_bwop,naive_hops_4_6,0_26,31385746.795236,19379959.0,19380173.0
2b,mixed,mem,ns_l_bwop,naive_hops_4_6,0_27,47995662.697766,19293509.0,19293801.0
2b,mixed,mem,ns_l_bwop,naive_hops_4_6,0_28,20596317.858035,6299950.0,6300220.0
2b,mixed,mem,lpbt_s_power,naive_hops_4_6,0_01,8635.16205,772022.0,772027.0
2b,mixed,mem,lpbt_s_power,naive_hops_4_6,0_02,8835.32507,1543762.0,1543771.0
2b,mixed,mem,lpbt_s_power,naive_hops_4_6,0_03,9057.245599,2313730.0,2313739.0
2b,mixed,mem,lpbt_s_power,naive_hops_4_6,0_04,9300.25085,3084174.0,3084184.0
2b,mixed,mem,lpbt_s_power,naive_hops_4_6,0_05,9581.067755,3854314.0,3854327.0
2b,mixed,mem,lpbt_s_power,naive_hops_4_6,0_06,9914.56753,4625449.0,4625470.0
2b,mixed,mem,lpbt_s_power,naive_hops_4_6,0_07,10320.84939,5397307.0,5397324.0
2b,mixed,mem,lpbt_s_power,naive_hops_4_6,0_08,10841.276722,6170147.0,6170176.0
2b,mixed,mem,lpbt_s_power,naive_hops_4_6,0_09,11592.185525,6942438.0,6942469.0
2b,mixed,mem,lpbt_s_power,naive_hops_4_6,0_1,12896.586461,7712830.0,7712877.0
2b,mixed,mem,lpbt_s_power,naive_hops_4_6,0_11,17274.866808,8483337.0,8483383.0
2b,mixed,mem,lpbt_s_power,naive_hops_4_6,0_12,12241113.891365,9099358.0,9099475.0
2b,mixed,mem,lpbt_s_power,naive_hops_4_6,0_13,31784793.285625,9508009.0,9508153.0
2b,mixed,mem,lpbt_s_power,naive_hops_4_6,0_14,45113999.64617,9903564.0,9903783.0
2b,mixed,mem,lpbt_s_power,naive_hops_4_6,0_15,65129701.652705,10204614.0,10204841.0
2b,mixed,mem,lpbt_s_power,naive_hops_4_6,0_16,94172105.432885,10360885.0,10361105.0
2b,mixed,mem,lpbt_s_power,naive_hops_4_6,0_17,117353717.948586,10499696.0,10499962.0
2b,mixed,mem,lpbt_s_power,naive_hops_4_6,0_18,138542758.689306,10695034.0,10695314.0
2b,mixed,mem,lpbt_s_power,naive_hops_4_6,0_19,156249934.900736,10918399.0,10918669.0
2b,mixed,mem,lpbt_s_power,naive_hops_4_6,0_2,165902461.092701,11214591.0,11214868.0
2b,mixed,mem,lpbt_s_power,naive_hops_4_6,0_21,181346425.532515,11448110.0,11448417.0
2b,mixed,mem,lpbt_s_power,naive_hops_4_6,0_22,201541559.976639,11512671.0,11512992.0
2b,mixed,mem,lpbt_s_power,naive_hops_4_6,0_23,228144684.978516,11478695.0,11479023.0
2b,mixed,mem,lpbt_s_power,naive_hops_4_6,0_24,256640613.547755,11422317.0,11422607.0
2b,mixed,mem,lpbt_s_power,naive_hops_4_6,0_25,289596961.166954,11267246.0,11267576.0
2b,mixed,mem,lpbt_s_power,naive_hops_4_6,0_26,318979125.476899,11121503.0,11121784.0
2b,mixed,mem,lpbt_s_power,naive_hops_4_6,0_27,282734740.111685,9201648.0,9201975.0
2b,mixed,mem,lpbt_s_power,naive_hops_4_6,0_28,60079907.53674,1866090.0,1866400.0
2b,mixed,mem,20r_4p_25ll_runsol_scbw,naive_hops_4_6,0_01
2b,mixed,mem,20r_4p_25ll_runsol_scbw,naive_hops_4_6,0_02
2b,mixed,mem,20r_4p_25ll_runsol_scbw,naive_hops_4_6,0_03
2b,mixed,mem,20r_4p_25ll_runsol_scbw,naive_hops_4_6,0_04
2b,mixed,mem,20r_4p_25ll_runsol_scbw,naive_hops_4_6,0_05
2b,mixed,mem,20r_4p_25ll_runsol_scbw,naive_hops_4_6,0_06
2b,mixed,mem,20r_4p_25ll_runsol_scbw,naive_hops_4_6,0_07
2b,mixed,mem,20r_4p_25ll_runsol_scbw,naive_hops_4_6,0_08
2b,mixed,mem,20r_4p_25ll_runsol_scbw,naive_hops_4_6,0_09
2b,mixed,mem,20r_4p_25ll_runsol_scbw,naive_hops_4_6,0_1
2b,mixed,mem,20r_4p_25ll_runsol_scbw,naive_hops_4_6,0_11
2b,mixed,mem,20r_4p_25ll_runsol_scbw,naive_hops_4_6,0_12
2b,mixed,mem,20r_4p_25ll_runsol_scbw,naive_hops_4_6,0_13
2b,mixed,mem,20r_4p_25ll_runsol_scbw,naive_hops_4_6,0_14
2b,mixed,mem,20r_4p_25ll_runsol_scbw,naive_hops_4_6,0_15
2b,mixed,mem,ns_m_scop,naive_hops_4_6,0_01,8848.026922,772022.0,772027.0
2b,mixed,mem,ns_m_scop,naive_hops_4_6,0_02,8974.602059,1543765.0,1543771.0
2b,mixed,mem,ns_m_scop,naive_hops_4_6,0_03,9109.959208,2313731.0,2313739.0
2b,mixed,mem,ns_m_scop,naive_hops_4_6,0_04,9250.161147,3084173.0,3084184.0
2b,mixed,mem,ns_m_scop,naive_hops_4_6,0_05,9402.913556,3854314.0,3854327.0
2b,mixed,mem,ns_m_scop,naive_hops_4_6,0_06,9564.239481,4625447.0,4625470.0
2b,mixed,mem,ns_m_scop,naive_hops_4_6,0_07,9736.767119,5397304.0,5397324.0
2b,mixed,mem,ns_m_scop,naive_hops_4_6,0_08,9922.652845,6170151.0,6170176.0
2b,mixed,mem,ns_m_scop,naive_hops_4_6,0_09,10125.364369,6942441.0,6942470.0
2b,mixed,mem,ns_m_scop,naive_hops_4_6,0_1,10350.019103,7712845.0,7712878.0
2b,mixed,mem,ns_m_scop,naive_hops_4_6,0_11,10595.81026,8483344.0,8483383.0
2b,mixed,mem,ns_m_scop,naive_hops_4_6,0_12,10878.54567,9256192.0,9256228.0
2b,mixed,mem,ns_m_scop,naive_hops_4_6,0_13,11198.146035,10028280.0,10028309.0
2b,mixed,mem,ns_m_scop,naive_hops_4_6,0_14,11561.730081,10800484.0,10800537.0
2b,mixed,mem,ns_m_scop,naive_hops_4_6,0_15,11988.998125,11573188.0,11573261.0
2b,mixed,mem,ns_m_scop,naive_hops_4_6,0_16,12495.081117,12344851.0,12344908.0
2b,mixed,mem,ns_m_scop,naive_hops_4_6,0_17,13115.515244,13118015.0,13118103.0
2b,mixed,mem,ns_m_scop,naive_hops_4_6,0_18,13879.975584,13888327.0,13888426.0
2b,mixed,mem,ns_m_scop,naive_hops_4_6,0_19,14901.49065,14660872.0,14660958.0
2b,mixed,mem,ns_m_scop,naive_hops_4_6,0_2,16337.513519,15432463.0,15432552.0
2b,mixed,mem,ns_m_scop,naive_hops_4_6,0_21,18801.465417,16204043.0,16204170.0
2b,mixed,mem,ns_m_scop,naive_hops_4_6,0_22,26823.23093,16976418.0,16976596.0
2b,mixed,mem,ns_m_scop,naive_hops_4_6,0_23,4508462.419783,17668057.0,17668249.0
2b,mixed,mem,ns_m_scop,naive_hops_4_6,0_24,16635695.544045,18193181.0,18193391.0
2b,mixed,mem,ns_m_scop,naive_hops_4_6,0_25,29156611.436295,18660198.0,18660411.0
2b,mixed,mem,ns_m_scop,naive_hops_4_6,0_26,41542591.182351,19088194.0,19088395.0
2b,mixed,mem,ns_m_scop,naive_hops_4_6,0_27,53907294.311786,19482049.0,19482304.0
2b,mixed,mem,ns_m_scop,naive_hops_4_6,0_28,32697483.642144,9521982.0,9522227.0
2b,mixed,mem,20r_4p_2ll_runsol_scbw,naive_hops_4_6,0_02
2b,mixed,mem,20r_4p_2ll_runsol_scbw,naive_hops_4_6,0_01
2b,mixed,mem,20r_4p_2ll_runsol_scbw,naive_hops_4_6,0_03
2b,mixed,mem,20r_4p_2ll_runsol_scbw,naive_hops_4_6,0_04
2b,mixed,mem,20r_4p_2ll_runsol_scbw,naive_hops_4_6,0_05
2b,mixed,mem,20r_4p_2ll_runsol_scbw,naive_hops_4_6,0_06
2b,mixed,mem,20r_4p_2ll_runsol_scbw,naive_hops_4_6,0_07
2b,mixed,mem,20r_4p_2ll_runsol_scbw,naive_hops_4_6,0_08
2b,mixed,mem,20r_4p_2ll_runsol_scbw,naive_hops_4_6,0_09
2b,mixed,mem,20r_4p_2ll_runsol_scbw,naive_hops_4_6,0_1
2b,mixed,mem,20r_4p_2ll_runsol_scbw,naive_hops_4_6,0_11
2b,mixed,mem,20r_4p_2ll_runsol_scbw,naive_hops_4_6,0_12
2b,mixed,mem,20r_4p_2ll_runsol_scbw,naive_hops_4_6,0_13
2b,mixed,mem,20r_4p_2ll_runsol_scbw,naive_hops_4_6,0_14
2b,mixed,mem,ns_s_scop,naive_hops_4_6,0_02,7979.64491,1543765.0,1543771.0
2b,mixed,mem,ns_s_scop,naive_hops_4_6,0_01,7840.971091,772022.0,772027.0
2b,mixed,mem,ns_s_scop,naive_hops_4_6,0_03,8126.999275,2313730.0,2313739.0
2b,mixed,mem,ns_s_scop,naive_hops_4_6,0_04,8280.272131,3084174.0,3084184.0
2b,mixed,mem,ns_s_scop,naive_hops_4_6,0_05,8443.879691,3854315.0,3854327.0
2b,mixed,mem,ns_s_scop,naive_hops_4_6,0_06,8615.116053,4625450.0,4625470.0
2b,mixed,mem,ns_s_scop,naive_hops_4_6,0_07,8799.947354,5397306.0,5397324.0
2b,mixed,mem,ns_s_scop,naive_hops_4_6,0_08,8997.510852,6170157.0,6170176.0
2b,mixed,mem,ns_s_scop,naive_hops_4_6,0_09,9210.701972,6942446.0,6942469.0
2b,mixed,mem,ns_s_scop,naive_hops_4_6,0_1,9448.50736,7712847.0,7712878.0
2b,mixed,mem,ns_s_scop,naive_hops_4_6,0_11,9708.505812,8483349.0,8483383.0
2b,mixed,mem,ns_s_scop,naive_hops_4_6,0_12,10004.924764,9256193.0,9256228.0
2b,mixed,mem,ns_s_scop,naive_hops_4_6,0_13,10342.86436,10028284.0,10028309.0
2b,mixed,mem,ns_s_scop,naive_hops_4_6,0_14,10733.273065,10800483.0,10800537.0
2b,mixed,mem,ns_s_scop,naive_hops_4_6,0_15,11196.154201,11573186.0,11573261.0
2b,mixed,mem,ns_s_scop,naive_hops_4_6,0_16,11748.133865,12344851.0,12344909.0
2b,mixed,mem,ns_s_scop,naive_hops_4_6,0_17,12458.651541,13118020.0,13118103.0
2b,mixed,mem,ns_s_scop,naive_hops_4_6,0_18,13394.986279,13888321.0,13888424.0
2b,mixed,mem,ns_s_scop,naive_hops_4_6,0_19,14976.340033,14660873.0,14660958.0
2b,mixed,mem,ns_s_scop,naive_hops_4_6,0_2,22140.976309,15432389.0,15432506.0
2b,mixed,mem,ns_s_scop,naive_hops_4_6,0_21,6955015.404873,16080011.0,16080157.0
2b,mixed,mem,ns_s_scop,naive_hops_4_6,0_22,13349303.854514,16664216.0,16664412.0
2b,mixed,mem,ns_s_scop,naive_hops_4_6,0_23,19965566.567256,17245238.0,17245450.0
2b,mixed,mem,ns_s_scop,naive_hops_4_6,0_24,29990652.029208,17757165.0,17757441.0
2b,mixed,mem,ns_s_scop,naive_hops_4_6,0_25,44821592.540929,18154055.0,18154324.0
2b,mixed,mem,ns_s_scop,naive_hops_4_6,0_26,63114486.99087,18480935.0,18481229.0
2b,mixed,mem,ns_s_scop,naive_hops_4_6,0_27,79317515.82667,18767993.0,18768300.0
2b,mixed,mem,ns_s_scop,naive_hops_4_6,0_28,42484720.758254,8544603.0,8544883.0
2b,mixed,mem,ns_l_latop,naive_hops_4_6,0_01,8162.115318,772022.0,772027.0
2b,mixed,mem,ns_l_latop,naive_hops_4_6,0_02,8266.093014,1543766.0,1543771.0
2b,mixed,mem,ns_l_latop,naive_hops_4_6,0_03,8384.560387,2313731.0,2313739.0
2b,mixed,mem,ns_l_latop,naive_hops_4_6,0_04,8508.606431,3084172.0,3084184.0
2b,mixed,mem,ns_l_latop,naive_hops_4_6,0_05,8642.86382,3854315.0,3854327.0
2b,mixed,mem,ns_l_latop,naive_hops_4_6,0_06,8786.774119,4625450.0,4625470.0
2b,mixed,mem,ns_l_latop,naive_hops_4_6,0_07,8944.99876,5397308.0,5397324.0
2b,mixed,mem,ns_l_latop,naive_hops_4_6,0_08,9115.739735,6170150.0,6170176.0
2b,mixed,mem,ns_l_latop,naive_hops_4_6,0_09,9301.599183,6942443.0,6942468.0
2b,mixed,mem,ns_l_latop,naive_hops_4_6,0_1,9507.61263,7712848.0,7712878.0
2b,mixed,mem,ns_l_latop,naive_hops_4_6,0_11,9731.07725,8483351.0,8483383.0
2b,mixed,mem,ns_l_latop,naive_hops_4_6,0_12,9985.146034,9256195.0,9256228.0
2b,mixed,mem,ns_l_latop,naive_hops_4_6,0_13,10272.761031,10028287.0,10028309.0
2b,mixed,mem,ns_l_latop,naive_hops_4_6,0_14,10601.37943,10800487.0,10800537.0
2b,mixed,mem,ns_l_latop,naive_hops_4_6,0_15,10974.732263,11573190.0,11573261.0
2b,mixed,mem,ns_l_latop,naive_hops_4_6,0_16,11410.944415,12344853.0,12344908.0
2b,mixed,mem,ns_l_latop,naive_hops_4_6,0_17,11936.957793,13118025.0,13118101.0
2b,mixed,mem,ns_l_latop,naive_hops_4_6,0_18,12569.097959,13888339.0,13888426.0
2b,mixed,mem,ns_l_latop,naive_hops_4_6,0_19,13369.273119,14660881.0,14660958.0
2b,mixed,mem,ns_l_latop,naive_hops_4_6,0_2,14444.539042,15432465.0,15432553.0
2b,mixed,mem,ns_l_latop,naive_hops_4_6,0_21,15966.352051,16204054.0,16204171.0
2b,mixed,mem,ns_l_latop,naive_hops_4_6,0_22,18513.986205,16976476.0,16976627.0
2b,mixed,mem,ns_l_latop,naive_hops_4_6,0_23,25294.015832,17746665.0,17746832.0
2b,mixed,mem,ns_l_latop,naive_hops_4_6,0_24,4112832.959803,18443056.0,18443272.0
2b,mixed,mem,ns_l_latop,naive_hops_4_6,0_25,17917845.395913,18927852.0,18928064.0
2b,mixed,mem,ns_l_latop,naive_hops_4_6,0_26,33098483.164919,19339318.0,19339574.0
2b,mixed,mem,ns_l_latop,naive_hops_4_6,0_27,33541086.349665,13575104.0,13575382.0
2b,mixed,mem,butter_donut_x,naive_hops_4_6,0_01,8640.048185,772021.0,772027.0
2b,mixed,mem,butter_donut_x,naive_hops_4_6,0_02,8752.488292,1543764.0,1543771.0
2b,mixed,mem,butter_donut_x,naive_hops_4_6,0_03,8876.868148,2313730.0,2313739.0
2b,mixed,mem,butter_donut_x,naive_hops_4_6,0_04,9010.987294,3084173.0,3084184.0
2b,mixed,mem,butter_donut_x,naive_hops_4_6,0_05,9157.454005,3854315.0,3854327.0
2b,mixed,mem,butter_donut_x,naive_hops_4_6,0_06,9313.267605,4625449.0,4625470.0
2b,mixed,mem,butter_donut_x,naive_hops_4_6,0_07,9483.500978,5397304.0,5397324.0
2b,mixed,mem,butter_donut_x,naive_hops_4_6,0_08,9666.956795,6170153.0,6170176.0
2b,mixed,mem,butter_donut_x,naive_hops_4_6,0_09,9868.544384,6942440.0,6942469.0
2b,mixed,mem,butter_donut_x,naive_hops_4_6,0_1,10089.628221,7712841.0,7712878.0
2b,mixed,mem,butter_donut_x,naive_hops_4_6,0_11,10334.562229,8483345.0,8483384.0
2b,mixed,mem,butter_donut_x,naive_hops_4_6,0_12,10608.966824,9256193.0,9256228.0
2b,mixed,mem,butter_donut_x,naive_hops_4_6,0_13,10916.022992,10028285.0,10028309.0
2b,mixed,mem,butter_donut_x,naive_hops_4_6,0_14,11264.666147,10800481.0,10800537.0
2b,mixed,mem,butter_donut_x,naive_hops_4_6,0_15,11663.882305,11573194.0,11573261.0
2b,mixed,mem,butter_donut_x,naive_hops_4_6,0_16,12127.606863,12344853.0,12344909.0
2b,mixed,mem,butter_donut_x,naive_hops_4_6,0_17,12678.05463,13118021.0,13118102.0
2b,mixed,mem,butter_donut_x,naive_hops_4_6,0_18,13337.038197,13888334.0,13888426.0
2b,mixed,mem,butter_donut_x,naive_hops_4_6,0_19,14167.898808,14660870.0,14660957.0
2b,mixed,mem,butter_donut_x,naive_hops_4_6,0_2,15237.502129,15432464.0,15432553.0
2b,mixed,mem,butter_donut_x,naive_hops_4_6,0_21,16713.330058,16204044.0,16204175.0
2b,mixed,mem,butter_donut_x,naive_hops_4_6,0_22,18934.930132,16976479.0,16976632.0
2b,mixed,mem,butter_donut_x,naive_hops_4_6,0_23,23212.496905,17746644.0,17746826.0
2b,mixed,mem,butter_donut_x,naive_hops_4_6,0_24,129393.269756,18516262.0,18516491.0
2b,mixed,mem,butter_donut_x,naive_hops_4_6,0_25,14356865.12799,19012622.0,19012825.0
2b,mixed,mem,butter_donut_x,naive_hops_4_6,0_26,32966822.558286,19378235.0,19378507.0
2b,mixed,mem,butter_donut_x,naive_hops_4_6,0_27,26088883.470838,10021436.0,10021723.0
2b,mixed,mem,ft_x,naive_hops_4_6,0_01,9056.071583,772022.0,772027.0
2b,mixed,mem,ft_x,naive_hops_4_6,0_02,9185.554423,1543765.0,1543771.0
2b,mixed,mem,ft_x,naive_hops_4_6,0_03,9323.305343,2313730.0,2313739.0
2b,mixed,mem,ft_x,naive_hops_4_6,0_04,9468.593253,3084173.0,3084184.0
2b,mixed,mem,ft_x,naive_hops_4_6,0_05,9624.294748,3854314.0,3854327.0
2b,mixed,mem,ft_x,naive_hops_4_6,0_06,9786.251918,4625446.0,4625470.0
2b,mixed,mem,ft_x,naive_hops_4_6,0_07,9965.145299,5397305.0,5397324.0
2b,mixed,mem,ft_x,naive_hops_4_6,0_08,10153.083162,6170151.0,6170176.0
2b,mixed,mem,ft_x,naive_hops_4_6,0_09,10358.16672,6942442.0,6942469.0
2b,mixed,mem,ft_x,naive_hops_4_6,0_1,10586.762802,7712842.0,7712878.0
2b,mixed,mem,ft_x,naive_hops_4_6,0_11,10836.538405,8483344.0,8483383.0
2b,mixed,mem,ft_x,naive_hops_4_6,0_12,11117.614223,9256191.0,9256228.0
2b,mixed,mem,ft_x,naive_hops_4_6,0_13,11438.418081,10028284.0,10028309.0
2b,mixed,mem,ft_x,naive_hops_4_6,0_14,11806.100483,10800480.0,10800537.0
2b,mixed,mem,ft_x,naive_hops_4_6,0_15,12228.614379,11573189.0,11573261.0
2b,mixed,mem,ft_x,naive_hops_4_6,0_16,12736.994075,12344851.0,12344908.0
2b,mixed,mem,ft_x,naive_hops_4_6,0_17,13340.655654,13118014.0,13118102.0
2b,mixed,mem,ft_x,naive_hops_4_6,0_18,14096.863742,13888320.0,13888426.0
2b,mixed,mem,ft_x,naive_hops_4_6,0_19,15086.477962,14660870.0,14660958.0
2b,mixed,mem,ft_x,naive_hops_4_6,0_2,16440.330498,15432455.0,15432553.0
2b,mixed,mem,ft_x,naive_hops_4_6,0_21,18497.000729,16204037.0,16204165.0
2b,mixed,mem,ft_x,naive_hops_4_6,0_22,22797.533806,16976455.0,16976636.0
2b,mixed,mem,ft_x,naive_hops_4_6,0_23,1455368.474542,17721170.0,17721373.0
2b,mixed,mem,ft_x,naive_hops_4_6,0_24,12385729.961313,18286230.0,18286461.0
2b,mixed,mem,ft_x,naive_hops_4_6,0_25,27655507.692609,18725562.0,18725790.0
2b,mixed,mem,ft_x,naive_hops_4_6,0_26,43540224.217324,19109562.0,19109825.0
2b,mixed,mem,ft_x,naive_hops_4_6,0_27,28280983.947788,9245980.0,9246218.0
2b,mixed,mem,kite_small,naive_hops_4_6,0_01,7838.441796,772022.0,772027.0
2b,mixed,mem,kite_small,naive_hops_4_6,0_02,7974.306281,1543765.0,1543771.0
2b,mixed,mem,kite_small,naive_hops_4_6,0_03,8119.036636,2313731.0,2313739.0
2b,mixed,mem,kite_small,naive_hops_4_6,0_04,8269.144646,3084174.0,3084184.0
2b,mixed,mem,kite_small,naive_hops_4_6,0_05,8430.683921,3854315.0,3854327.0
2b,mixed,mem,kite_small,naive_hops_4_6,0_06,8600.025337,4625450.0,4625470.0
2b,mixed,mem,kite_small,naive_hops_4_6,0_07,8781.547364,5397307.0,5397324.0
2b,mixed,mem,kite_small,naive_hops_4_6,0_08,8977.272556,6170154.0,6170176.0
2b,mixed,mem,kite_small,naive_hops_4_6,0_09,9189.782717,6942445.0,6942470.0
2b,mixed,mem,kite_small,naive_hops_4_6,0_1,9423.339365,7712845.0,7712878.0
2b,mixed,mem,kite_small,naive_hops_4_6,0_11,9682.58379,8483348.0,8483384.0
2b,mixed,mem,kite_small,naive_hops_4_6,0_12,9973.778721,9256193.0,9256228.0
2b,mixed,mem,kite_small,naive_hops_4_6,0_13,10309.531721,10028285.0,10028309.0
2b,mixed,mem,kite_small,naive_hops_4_6,0_14,10692.521133,10800486.0,10800537.0
2b,mixed,mem,kite_small,naive_hops_4_6,0_15,11149.969497,11573194.0,11573261.0
2b,mixed,mem,kite_small,naive_hops_4_6,0_16,11698.76077,12344859.0,12344909.0
2b,mixed,mem,kite_small,naive_hops_4_6,0_17,12386.210843,13118031.0,13118103.0
2b,mixed,mem,kite_small,naive_hops_4_6,0_18,13294.407527,13888331.0,13888425.0
2b,mixed,mem,kite_small,naive_hops_4_6,0_19,14564.887558,14660878.0,14660958.0
2b,mixed,mem,kite_small,naive_hops_4_6,0_2,16771.153983,15432440.0,15432549.0
2b,mixed,mem,kite_small,naive_hops_4_6,0_21,25148.11772,16204017.0,16204165.0
2b,mixed,mem,kite_small,naive_hops_4_6,0_22,4760616.263087,16889158.0,16889368.0
2b,mixed,mem,kite_small,naive_hops_4_6,0_23,13576240.844875,17461008.0,17461244.0
2b,mixed,mem,kite_small,naive_hops_4_6,0_24,26428026.991878,17922740.0,17922951.0
2b,mixed,mem,kite_small,naive_hops_4_6,0_25,38333597.67289,18375099.0,18375317.0
2b,mixed,mem,kite_small,naive_hops_4_6,0_26,49895707.577918,18798035.0,18798292.0
2b,mixed,mem,kite_small,naive_hops_4_6,0_27,57305958.087798,17766148.0,17766446.0
2b,mixed,mem,kite_small,naive_hops_4_6,0_28,16477442.509296,4333036.0,4333355.0
2b,mixed,mem,ns_l_scop,naive_hops_4_6,0_01,8224.278956,772022.0,772027.0
2b,mixed,mem,ns_l_scop,naive_hops_4_6,0_02,8331.419591,1543766.0,1543771.0
2b,mixed,mem,ns_l_scop,naive_hops_4_6,0_03,8452.915726,2313731.0,2313739.0
2b,mixed,mem,ns_l_scop,naive_hops_4_6,0_04,8581.49155,3084172.0,3084184.0
2b,mixed,mem,ns_l_scop,naive_hops_4_6,0_05,8716.065754,3854315.0,3854327.0
2b,mixed,mem,ns_l_scop,naive_hops_4_6,0_06,8864.769777,4625449.0,4625470.0
2b,mixed,mem,ns_l_scop,naive_hops_4_6,0_07,9024.792184,5397309.0,5397324.0
2b,mixed,mem,ns_l_scop,naive_hops_4_6,0_08,9198.359942,6170154.0,6170176.0
2b,mixed,mem,ns_l_scop,naive_hops_4_6,0_09,9388.065442,6942443.0,6942468.0
2b,mixed,mem,ns_l_scop,naive_hops_4_6,0_1,9593.942612,7712848.0,7712878.0
2b,mixed,mem,ns_l_scop,naive_hops_4_6,0_11,9822.476491,8483350.0,8483383.0
2b,mixed,mem,ns_l_scop,naive_hops_4_6,0_12,10081.809083,9256193.0,9256228.0
2b,mixed,mem,ns_l_scop,naive_hops_4_6,0_13,10371.191577,10028285.0,10028309.0
2b,mixed,mem,ns_l_scop,naive_hops_4_6,0_14,10700.684299,10800481.0,10800537.0
2b,mixed,mem,ns_l_scop,naive_hops_4_6,0_15,11074.158221,11573193.0,11573261.0
2b,mixed,mem,ns_l_scop,naive_hops_4_6,0_16,11512.33222,12344852.0,12344908.0
2b,mixed,mem,ns_l_scop,naive_hops_4_6,0_17,12031.939812,13118022.0,13118102.0
2b,mixed,mem,ns_l_scop,naive_hops_4_6,0_18,12650.239209,13888341.0,13888426.0
2b,mixed,mem,ns_l_scop,naive_hops_4_6,0_19,13430.696869,14660877.0,14660958.0
2b,mixed,mem,ns_l_scop,naive_hops_4_6,0_2,14446.043035,15432475.0,15432553.0
2b,mixed,mem,ns_l_scop,naive_hops_4_6,0_21,15831.589844,16204061.0,16204172.0
2b,mixed,mem,ns_l_scop,naive_hops_4_6,0_22,17946.35241,16976488.0,16976640.0
2b,mixed,mem,ns_l_scop,naive_hops_4_6,0_23,22467.282381,17746655.0,17746830.0
2b,mixed,mem,ns_l_scop,naive_hops_4_6,0_24,1975632.364553,18481654.0,18481875.0
2b,mixed,mem,ns_l_scop,naive_hops_4_6,0_25,10982081.006661,19062754.0,19062988.0
2b,mixed,mem,ns_l_scop,naive_hops_4_6,0_26,28969745.830778,19443436.0,19443677.0
2b,mixed,mem,ns_l_scop,naive_hops_4_6,0_27,45340532.903627,19029873.0,19030151.0
2b,mixed,mem,ns_l_scop,naive_hops_4_6,0_28,26235270.755134,8297777.0,8298086.0
2b,mixed,mem,kite_medium,naive_hops_4_6,0_01,8895.831476,772022.0,772027.0
2b,mixed,mem,kite_medium,naive_hops_4_6,0_02,9030.0525,1543764.0,1543771.0
2b,mixed,mem,kite_medium,naive_hops_4_6,0_03,9172.835724,2313730.0,2313739.0
2b,mixed,mem,kite_medium,naive_hops_4_6,0_04,9325.045274,3084172.0,3084184.0
2b,mixed,mem,kite_medium,naive_hops_4_6,0_05,9488.335405,3854314.0,3854327.0
2b,mixed,mem,kite_medium,naive_hops_4_6,0_06,9660.636282,4625446.0,4625470.0
2b,mixed,mem,kite_medium,naive_hops_4_6,0_07,9848.674628,5397307.0,5397324.0
2b,mixed,mem,kite_medium,naive_hops_4_6,0_08,10051.930786,6170148.0,6170176.0
2b,mixed,mem,kite_medium,naive_hops_4_6,0_09,10275.864975,6942440.0,6942469.0
2b,mixed,mem,kite_medium,naive_hops_4_6,0_1,10523.08556,7712844.0,7712878.0
2b,mixed,mem,kite_medium,naive_hops_4_6,0_11,10802.913271,8483344.0,8483383.0
2b,mixed,mem,kite_medium,naive_hops_4_6,0_12,11123.059558,9256192.0,9256228.0
2b,mixed,mem,kite_medium,naive_hops_4_6,0_13,11495.333008,10028278.0,10028309.0
2b,mixed,mem,kite_medium,naive_hops_4_6,0_14,11938.997177,10800473.0,10800537.0
2b,mixed,mem,kite_medium,naive_hops_4_6,0_15,12469.738289,11573188.0,11573261.0
2b,mixed,mem,kite_medium,naive_hops_4_6,0_16,13127.628383,12344850.0,12344908.0
2b,mixed,mem,kite_medium,naive_hops_4_6,0_17,13978.063647,13118017.0,13118102.0
2b,mixed,mem,kite_medium,naive_hops_4_6,0_18,15085.032187,13888324.0,13888426.0
2b,mixed,mem,kite_medium,naive_hops_4_6,0_19,16717.240149,14660858.0,14660957.0
2b,mixed,mem,kite_medium,naive_hops_4_6,0_2,19764.685534,15432395.0,15432525.0
2b,mixed,mem,kite_medium,naive_hops_4_6,0_21,769162.075419,16191187.0,16191348.0
2b,mixed,mem,kite_medium,naive_hops_4_6,0_22,7544100.682581,16837628.0,16837809.0
2b,mixed,mem,kite_medium,naive_hops_4_6,0_23,16333167.80237,17412228.0,17412422.0
2b,mixed,mem,kite_medium,naive_hops_4_6,0_24,26502601.557128,17924889.0,17925137.0
2b,mixed,mem,kite_medium,naive_hops_4_6,0_25,39429110.161712,18359179.0,18359417.0
2b,mixed,mem,kite_medium,naive_hops_4_6,0_26,52602446.180786,18766869.0,18767126.0
2b,mixed,mem,kite_medium,naive_hops_4_6,0_27,34456914.685402,10173449.0,10173738.0
2b,mixed,mem,ns_s_bwop,naive_hops_4_6,0_02,8021.097293,1543763.0,1543771.0
2b,mixed,mem,ns_s_bwop,naive_hops_4_6,0_01,7882.706633,772022.0,772027.0
2b,mixed,mem,ns_s_bwop,naive_hops_4_6,0_03,8169.144453,2313731.0,2313739.0
2b,mixed,mem,ns_s_bwop,naive_hops_4_6,0_04,8323.573146,3084174.0,3084184.0
2b,mixed,mem,ns_s_bwop,naive_hops_4_6,0_05,8489.170591,3854313.0,3854327.0
2b,mixed,mem,ns_s_bwop,naive_hops_4_6,0_06,8663.438992,4625450.0,4625470.0
2b,mixed,mem,ns_s_bwop,naive_hops_4_6,0_07,8853.481562,5397308.0,5397324.0
2b,mixed,mem,ns_s_bwop,naive_hops_4_6,0_08,9056.886588,6170155.0,6170176.0
2b,mixed,mem,ns_s_bwop,naive_hops_4_6,0_09,9279.295572,6942443.0,6942469.0
2b,mixed,mem,ns_s_bwop,naive_hops_4_6,0_1,9528.533277,7712842.0,7712878.0
2b,mixed,mem,ns_s_bwop,naive_hops_4_6,0_11,9803.590615,8483349.0,8483383.0
2b,mixed,mem,ns_s_bwop,naive_hops_4_6,0_12,10120.74628,9256194.0,9256228.0
2b,mixed,mem,ns_s_bwop,naive_hops_4_6,0_13,10486.287806,10028287.0,10028309.0
2b,mixed,mem,ns_s_bwop,naive_hops_4_6,0_14,10910.796781,10800482.0,10800537.0
2b,mixed,mem,ns_s_bwop,naive_hops_4_6,0_15,11422.270972,11573191.0,11573261.0
2b,mixed,mem,ns_s_bwop,naive_hops_4_6,0_16,12043.972446,12344845.0,12344909.0
2b,mixed,mem,ns_s_bwop,naive_hops_4_6,0_17,12847.551912,13118023.0,13118101.0
2b,mixed,mem,ns_s_bwop,naive_hops_4_6,0_18,13966.260268,13888322.0,13888426.0
2b,mixed,mem,ns_s_bwop,naive_hops_4_6,0_19,15766.66334,14660874.0,14660958.0
2b,mixed,mem,ns_s_bwop,naive_hops_4_6,0_2,23094.053469,15432403.0,15432524.0
2b,mixed,mem,ns_s_bwop,naive_hops_4_6,0_21,4506173.92738,16130783.0,16130934.0
2b,mixed,mem,ns_s_bwop,naive_hops_4_6,0_22,12918037.885932,16728902.0,16729114.0
2b,mixed,mem,ns_s_bwop,naive_hops_4_6,0_23,22360359.161049,17274257.0,17274490.0
2b,mixed,mem,ns_s_bwop,naive_hops_4_6,0_24,37285757.840011,17689059.0,17689301.0
2b,mixed,mem,ns_s_bwop,naive_hops_4_6,0_25,51815883.865187,18098336.0,18098643.0
2b,mixed,mem,ns_s_bwop,naive_hops_4_6,0_26,71539042.020496,18378760.0,18379038.0
2b,mixed,mem,ns_s_bwop,naive_hops_4_6,0_27,82906452.581456,17222600.0,17222934.0
2b,mixed,mem,ns_s_bwop,naive_hops_4_6,0_28,31272179.250997,5421849.0,5422206.0
2b,mixed,mem,ns_s_latop,naive_hops_4_6,0_01,7913.566634,772022.0,772027.0
2b,mixed,mem,ns_s_latop,naive_hops_4_6,0_02,8055.683177,1543764.0,1543771.0
2b,mixed,mem,ns_s_latop,naive_hops_4_6,0_03,8207.124821,2313731.0,2313739.0
2b,mixed,mem,ns_s_latop,naive_hops_4_6,0_04,8364.665249,3084174.0,3084184.0
2b,mixed,mem,ns_s_latop,naive_hops_4_6,0_05,8533.889419,3854314.0,3854327.0
2b,mixed,mem,ns_s_latop,naive_hops_4_6,0_06,8712.83716,4625450.0,4625470.0
2b,mixed,mem,ns_s_latop,naive_hops_4_6,0_07,8907.612188,5397307.0,5397324.0
2b,mixed,mem,ns_s_latop,naive_hops_4_6,0_08,9115.512477,6170155.0,6170176.0
2b,mixed,mem,ns_s_latop,naive_hops_4_6,0_09,9344.963856,6942443.0,6942469.0
2b,mixed,mem,ns_s_latop,naive_hops_4_6,0_1,9600.542897,7712843.0,7712878.0
2b,mixed,mem,ns_s_latop,naive_hops_4_6,0_11,9883.617058,8483350.0,8483383.0
2b,mixed,mem,ns_s_latop,naive_hops_4_6,0_12,10211.037502,9256194.0,9256228.0
2b,mixed,mem,ns_s_latop,naive_hops_4_6,0_13,10590.078473,10028286.0,10028309.0
2b,mixed,mem,ns_s_latop,naive_hops_4_6,0_14,11035.234641,10800483.0,10800537.0
2b,mixed,mem,ns_s_latop,naive_hops_4_6,0_15,11577.778932,11573188.0,11573261.0
2b,mixed,mem,ns_s_latop,naive_hops_4_6,0_16,12250.343273,12344847.0,12344909.0
2b,mixed,mem,ns_s_latop,naive_hops_4_6,0_17,13124.486694,13118021.0,13118101.0
2b,mixed,mem,ns_s_latop,naive_hops_4_6,0_18,14348.457296,13888323.0,13888425.0
2b,mixed,mem,ns_s_latop,naive_hops_4_6,0_19,16690.801309,14660870.0,14660958.0
2b,mixed,mem,ns_s_latop,naive_hops_4_6,0_2,35536.275025,15432145.0,15432266.0
2b,mixed,mem,ns_s_latop,naive_hops_4_6,0_21,10816302.276458,16013243.0,16013415.0
2b,mixed,mem,ns_s_latop,naive_hops_4_6,0_22,20242748.81245,16556580.0,16556794.0
2b,mixed,mem,ns_s_latop,naive_hops_4_6,0_23,30989909.298176,17058416.0,17058636.0
2b,mixed,mem,ns_s_latop,naive_hops_4_6,0_24,48863405.442643,17396717.0,17397001.0
2b,mixed,mem,ns_s_latop,naive_hops_4_6,0_25,71058456.538108,17675650.0,17675908.0
2b,mixed,mem,ns_s_latop,naive_hops_4_6,0_26,96145191.958848,17851670.0,17851969.0
2b,mixed,mem,ns_s_latop,naive_hops_4_6,0_27,83038552.518708,12272968.0,12273290.0
2b,mixed,mem,ns_s_latop,naive_hops_4_6,0_28,4686475.503153,576363.0,576671.0
